,sgRNA,DNA_KO,DNA_NA,MisType_KO,MisType_NA,GMT,MOFF_KO,MOFF_NA,MOFF_ratio
0,CGTCTCCAACATGAGCTGCTTGG,CGTCTCCAACATGAGCTGCTTGG,CGTCTCCAACATGAGCCGCTTGG,,p4rUdG,0.43650845,1.0,0.2678785022493494,0.2678785022493494
1,AGTCTCCAACATGAGCTGCTTGG,CGTCTCCAACATGAGCTGCTTGG,CGTCTCCAACATGAGCCGCTTGG,p20rAdG,p20rAdG|p4rUdG,0.53611535,0.5498788217344336,0.12778314662969703,0.23238419371497537
2,TGTCTCCAACATGAGCTGCTTGG,CGTCTCCAACATGAGCTGCTTGG,CGTCTCCAACATGAGCCGCTTGG,p20rUdG,p20rUdG|p4rUdG,0.43356892,0.4540499680879472,0.08533164953179996,0.18793449075911323
3,GGTCTCCAACATGAGCTGCTTGG,CGTCTCCAACATGAGCTGCTTGG,CGTCTCCAACATGAGCCGCTTGG,p20rGdG,p20rGdG|p4rUdG,0.57995045,0.6046305468196532,0.15199500637294777,0.2513849278248329
4,CATCTCCAACATGAGCTGCTTGG,CGTCTCCAACATGAGCTGCTTGG,CGTCTCCAACATGAGCCGCTTGG,p19rAdC,p19rAdC|p4rUdG,0.41179693,0.405768861143989,0.05424293162674983,0.13367938454868636
5,CTTCTCCAACATGAGCTGCTTGG,CGTCTCCAACATGAGCTGCTTGG,CGTCTCCAACATGAGCCGCTTGG,p19rUdC,p19rUdC|p4rUdG,0.3888145,0.3871025716297773,0.04885959408199221,0.12621872770383258
6,CCTCTCCAACATGAGCTGCTTGG,CGTCTCCAACATGAGCTGCTTGG,CGTCTCCAACATGAGCCGCTTGG,p19rCdC,p19rCdC|p4rUdG,0.40600175,0.3827721956605795,0.050448658340413635,0.13179812669870258
7,CGACTCCAACATGAGCTGCTTGG,CGTCTCCAACATGAGCTGCTTGG,CGTCTCCAACATGAGCCGCTTGG,p18rAdA,p18rAdA|p4rUdG,0.50212395,0.47095054218302757,0.05367387048107656,0.11396922961863169
8,CGCCTCCAACATGAGCTGCTTGG,CGTCTCCAACATGAGCTGCTTGG,CGTCTCCAACATGAGCCGCTTGG,p18rCdA,p18rCdA|p4rUdG,0.39707857,0.3854463049755652,0.03473897614108261,0.09012662903406178
9,CGGCTCCAACATGAGCTGCTTGG,CGTCTCCAACATGAGCTGCTTGG,CGTCTCCAACATGAGCCGCTTGG,p18rGdA,p18rGdA|p4rUdG,0.47705495,0.33938071517734464,0.0367478762082556,0.1082792114132144
10,CGTATCCAACATGAGCTGCTTGG,CGTCTCCAACATGAGCTGCTTGG,CGTCTCCAACATGAGCCGCTTGG,p17rAdG,p17rAdG|p4rUdG,0.3734905,0.2152714121736266,0.01411409425371092,0.06556418295954333
11,CGTTTCCAACATGAGCTGCTTGG,CGTCTCCAACATGAGCTGCTTGG,CGTCTCCAACATGAGCCGCTTGG,p17rUdG,p17rUdG|p4rUdG,0.22733325,0.15214171918648323,0.006071532934543155,0.0399070877272075
12,CGTGTCCAACATGAGCTGCTTGG,CGTCTCCAACATGAGCTGCTTGG,CGTCTCCAACATGAGCCGCTTGG,p17rGdG,p17rGdG|p4rUdG,0.46637562,0.2748282192166096,0.022500089305900327,0.08186964704729457
13,CGTCACCAACATGAGCTGCTTGG,CGTCTCCAACATGAGCTGCTTGG,CGTCTCCAACATGAGCCGCTTGG,p16rAdA,p16rAdA|p4rUdG,0.41744852,0.25763967383197883,0.016635606722117575,0.0645692741132974
14,CGTCCCCAACATGAGCTGCTTGG,CGTCTCCAACATGAGCTGCTTGG,CGTCTCCAACATGAGCCGCTTGG,p16rCdA,p16rCdA|p4rUdG,0.58298874,0.49272749252737635,0.04443139397800937,0.09017437559675183
15,CGTCGCCAACATGAGCTGCTTGG,CGTCTCCAACATGAGCTGCTTGG,CGTCTCCAACATGAGCCGCTTGG,p16rGdA,p16rGdA|p4rUdG,0.3855164,0.25273266385025833,0.015070484555793613,0.0596301416928155
16,CGTCTACAACATGAGCTGCTTGG,CGTCTCCAACATGAGCTGCTTGG,CGTCTCCAACATGAGCCGCTTGG,p15rAdG,p15rAdG|p4rUdG,0.455943,0.3304981990921936,0.02869220400646739,0.08681500863023948
17,CGTCTTCAACATGAGCTGCTTGG,CGTCTCCAACATGAGCTGCTTGG,CGTCTCCAACATGAGCCGCTTGG,p15rUdG,p15rUdG|p4rUdG,0.34902924,0.3528540670515882,0.023449911834108515,0.06645781931905598
18,CGTCTGCAACATGAGCTGCTTGG,CGTCTCCAACATGAGCTGCTTGG,CGTCTCCAACATGAGCCGCTTGG,p15rGdG,p15rGdG|p4rUdG,0.40721986,0.34005749971449395,0.02636729485243399,0.07753775427559012
19,CGTCTCAAACATGAGCTGCTTGG,CGTCTCCAACATGAGCTGCTTGG,CGTCTCCAACATGAGCCGCTTGG,p14rAdG,p14rAdG|p4rUdG,0.35660008,0.13417760150277291,0.007887412889164988,0.05878337964628162
20,CGTCTCTAACATGAGCTGCTTGG,CGTCTCCAACATGAGCTGCTTGG,CGTCTCCAACATGAGCCGCTTGG,p14rUdG,p14rUdG|p4rUdG,0.40703094,0.37577780899689645,0.025213415046703547,0.06709660454407457
21,CGTCTCGAACATGAGCTGCTTGG,CGTCTCCAACATGAGCTGCTTGG,CGTCTCCAACATGAGCCGCTTGG,p14rGdG,p14rGdG|p4rUdG,0.47070763,0.2974444461251983,0.023079703112729055,0.07759332343699066
22,CGTCTCCTACATGAGCTGCTTGG,CGTCTCCAACATGAGCTGCTTGG,CGTCTCCAACATGAGCCGCTTGG,p13rUdT,p13rUdT|p4rUdG,0.48502547,0.49882999268447176,0.061953470294661556,0.12419756470788114
23,CGTCTCCCACATGAGCTGCTTGG,CGTCTCCAACATGAGCTGCTTGG,CGTCTCCAACATGAGCCGCTTGG,p13rCdT,p13rCdT|p4rUdG,0.5339029,0.4322323987184158,0.05909192290158781,0.13671331227551992
24,CGTCTCCGACATGAGCTGCTTGG,CGTCTCCAACATGAGCTGCTTGG,CGTCTCCAACATGAGCCGCTTGG,p13rGdT,p13rGdT|p4rUdG,0.5407073,0.5144740111151683,0.07123184694863684,0.13845567591302707
25,CGTCTCCATCATGAGCTGCTTGG,CGTCTCCAACATGAGCTGCTTGG,CGTCTCCAACATGAGCCGCTTGG,p12rUdT,p12rUdT|p4rUdG,0.40579632,0.41955952124739354,0.03218232771864303,0.07670503489698355
26,CGTCTCCACCATGAGCTGCTTGG,CGTCTCCAACATGAGCTGCTTGG,CGTCTCCAACATGAGCCGCTTGG,p12rCdT,p12rCdT|p4rUdG,0.48108155,0.3760237493326795,0.034193986917601726,0.09093571078498364
27,CGTCTCCAGCATGAGCTGCTTGG,CGTCTCCAACATGAGCTGCTTGG,CGTCTCCAACATGAGCCGCTTGG,p12rGdT,p12rGdT|p4rUdG,0.496169,0.4833351525789768,0.04533084116309636,0.09378759422156722
28,CGTCTCCAAAATGAGCTGCTTGG,CGTCTCCAACATGAGCTGCTTGG,CGTCTCCAACATGAGCCGCTTGG,p11rAdG,p11rAdG|p4rUdG,0.3927245,0.32151820109257273,0.01972962410038061,0.06136394155396504
29,CGTCTCCAATATGAGCTGCTTGG,CGTCTCCAACATGAGCTGCTTGG,CGTCTCCAACATGAGCCGCTTGG,p11rUdG,p11rUdG|p4rUdG,0.4620573,0.3814800889037056,0.027541839352372997,0.07219731816547101
30,CGTCTCCAAGATGAGCTGCTTGG,CGTCTCCAACATGAGCTGCTTGG,CGTCTCCAACATGAGCCGCTTGG,p11rGdG,p11rGdG|p4rUdG,0.57768273,0.45184036054807847,0.04078492286640444,0.09026401009624878
31,CGTCTCCAACTTGAGCTGCTTGG,CGTCTCCAACATGAGCTGCTTGG,CGTCTCCAACATGAGCCGCTTGG,p10rUdT,p10rUdT|p4rUdG,0.2979926,0.23053521089887122,0.008872796647082805,0.03848781542952686
32,CGTCTCCAACCTGAGCTGCTTGG,CGTCTCCAACATGAGCTGCTTGG,CGTCTCCAACATGAGCCGCTTGG,p10rCdT,p10rCdT|p4rUdG,0.46204185,0.3293518982798779,0.019654377359808673,0.05967591947232897
33,CGTCTCCAACGTGAGCTGCTTGG,CGTCTCCAACATGAGCTGCTTGG,CGTCTCCAACATGAGCCGCTTGG,p10rGdT,p10rGdT|p4rUdG,0.4307185,0.4439450855780477,0.024696794642891283,0.05563029177524135
34,CGTCTCCAACAAGAGCTGCTTGG,CGTCTCCAACATGAGCTGCTTGG,CGTCTCCAACATGAGCCGCTTGG,p9rAdA,p9rAdA|p4rUdG,0.4700714,0.13972122787450594,0.008125199249070316,0.05815293332784166
35,CGTCTCCAACACGAGCTGCTTGG,CGTCTCCAACATGAGCTGCTTGG,CGTCTCCAACATGAGCCGCTTGG,p9rCdA,p9rCdA|p4rUdG,0.4687421,0.3496244423097943,0.02027419143112371,0.05798848414939826
36,CGTCTCCAACAGGAGCTGCTTGG,CGTCTCCAACATGAGCTGCTTGG,CGTCTCCAACATGAGCCGCTTGG,p9rGdA,p9rGdA|p4rUdG,0.6285393,0.30284000373971115,0.02354797084779671,0.07775713431847671
37,CGTCTCCAACATAAGCTGCTTGG,CGTCTCCAACATGAGCTGCTTGG,CGTCTCCAACATGAGCCGCTTGG,p8rAdC,p8rAdC|p4rUdG,0.34675983,0.2517253102991462,0.008326927750435965,0.03307942193234515
38,CGTCTCCAACATTAGCTGCTTGG,CGTCTCCAACATGAGCTGCTTGG,CGTCTCCAACATGAGCCGCTTGG,p8rUdC,p8rUdC|p4rUdG,0.3488174,0.10702820853363888,0.0035614392621805034,0.03327570657282511
39,CGTCTCCAACATCAGCTGCTTGG,CGTCTCCAACATGAGCTGCTTGG,CGTCTCCAACATGAGCCGCTTGG,p8rCdC,p8rCdC|p4rUdG,0.46702263,0.06351680295355477,0.0028297996498650615,0.04455198495954352
40,CGTCTCCAACATGTGCTGCTTGG,CGTCTCCAACATGAGCTGCTTGG,CGTCTCCAACATGAGCCGCTTGG,p7rUdT,p7rUdT|p4rUdG,0.3378706,0.16782105503204608,0.002910212141989454,0.017341162236369792
41,CGTCTCCAACATGCGCTGCTTGG,CGTCTCCAACATGAGCTGCTTGG,CGTCTCCAACATGAGCCGCTTGG,p7rCdT,p7rCdT|p4rUdG,0.26029897,0.06688002596020956,0.000893504366631835,0.013359808908618362
42,CGTCTCCAACATGGGCTGCTTGG,CGTCTCCAACATGAGCTGCTTGG,CGTCTCCAACATGAGCCGCTTGG,p7rGdT,p7rGdT|p4rUdG,0.4788397,0.3549714787589847,0.008723914624321741,0.024576381896431247
43,CGTCTCCAACATGAACTGCTTGG,CGTCTCCAACATGAGCTGCTTGG,CGTCTCCAACATGAGCCGCTTGG,p6rAdC,p6rAdC|p4rUdG,0.4585569,0.3659648798008631,0.015789139249436996,0.04314386467364992
44,CGTCTCCAACATGATCTGCTTGG,CGTCTCCAACATGAGCTGCTTGG,CGTCTCCAACATGAGCCGCTTGG,p6rUdC,p6rUdC|p4rUdG,0.45467436,0.11254051897887017,0.004814322752442915,0.04277857251881714
45,CGTCTCCAACATGACCTGCTTGG,CGTCTCCAACATGAGCTGCTTGG,CGTCTCCAACATGAGCCGCTTGG,p6rCdC,p6rCdC|p4rUdG,0.5859467,0.06208339104487642,0.003422625241856086,0.055129482849641254
46,CGTCTCCAACATGAGATGCTTGG,CGTCTCCAACATGAGCTGCTTGG,CGTCTCCAACATGAGCCGCTTGG,p5rAdG,p5rAdG|p4rUdG,0.5832358,0.053010132007960724,0.003494213277319384,0.06591595125238785
47,CGTCTCCAACATGAGTTGCTTGG,CGTCTCCAACATGAGCTGCTTGG,CGTCTCCAACATGAGCCGCTTGG,p5rUdG,p5rUdG|p4rUdG,0.44666952,0.23667421301800687,0.011947680722101303,0.05048154832648493
48,CGTCTCCAACATGAGGTGCTTGG,CGTCTCCAACATGAGCTGCTTGG,CGTCTCCAACATGAGCCGCTTGG,p5rGdG,p5rGdG|p4rUdG,0.60634184,0.06560604367033876,0.0044958077850645595,0.06852734189635588
49,CGTCTCCAACATGAGCTACTTGG,CGTCTCCAACATGAGCTGCTTGG,CGTCTCCAACATGAGCCGCTTGG,p3rAdC,p4rUdG|p3rAdC,0.49223357,0.23932555507096098,0.010545203258490173,0.04406216985630088
50,CGTCTCCAACATGAGCTTCTTGG,CGTCTCCAACATGAGCTGCTTGG,CGTCTCCAACATGAGCCGCTTGG,p3rUdC,p4rUdG|p3rUdC,0.319087,0.09676652288778181,0.002763941790318175,0.02856299583610607
51,CGTCTCCAACATGAGCTCCTTGG,CGTCTCCAACATGAGCTGCTTGG,CGTCTCCAACATGAGCCGCTTGG,p3rCdC,p4rUdG|p3rCdC,0.5565326,0.0528580434541586,0.002633275854081221,0.04981788356137212
52,CGTCTCCAACATGAGCTGATTGG,CGTCTCCAACATGAGCTGCTTGG,CGTCTCCAACATGAGCCGCTTGG,p2rAdG,p4rUdG|p2rAdG,0.3352652,0.12013373065750496,0.002424810700255734,0.020184262046841314
53,CGTCTCCAACATGAGCTGTTTGG,CGTCTCCAACATGAGCTGCTTGG,CGTCTCCAACATGAGCCGCTTGG,p2rUdG,p4rUdG|p2rUdG,0.29162696,0.1276157147073186,0.002240558257875973,0.0175570717369299
54,CGTCTCCAACATGAGCTGGTTGG,CGTCTCCAACATGAGCTGCTTGG,CGTCTCCAACATGAGCCGCTTGG,p2rGdG,p4rUdG|p2rGdG,0.5761625,0.40895636196587054,0.014185556666489144,0.03468721356552218
55,CGTCTCCAACATGAGCTGCATGG,CGTCTCCAACATGAGCTGCTTGG,CGTCTCCAACATGAGCCGCTTGG,p1rAdA,p4rUdG|p1rAdA,0.43703467,0.2483178656825666,0.007992875174679498,0.032188079390538374
56,CGTCTCCAACATGAGCTGCCTGG,CGTCTCCAACATGAGCTGCTTGG,CGTCTCCAACATGAGCCGCTTGG,p1rCdA,p4rUdG|p1rCdA,0.43161124,0.18602585745945538,0.0059135086618671276,0.03178863810992504
57,CGTCTCCAACATGAGCTGCGTGG,CGTCTCCAACATGAGCTGCTTGG,CGTCTCCAACATGAGCCGCTTGG,p1rGdA,p4rUdG|p1rGdA,0.4951952,0.3709114153644176,0.013527757548920724,0.03647166678768786
0,CCAACATGAGCTGCTTGGCGAGG,CCAACATGAGCTGCTTGGCGAGG,CCAACATGAGCCGCTTGGCGAGG,,p9rUdG,0.56972575,1.0,0.5366926324772442,0.5366926324772442
1,ACAACATGAGCTGCTTGGCGAGG,CCAACATGAGCTGCTTGGCGAGG,CCAACATGAGCCGCTTGGCGAGG,p20rAdG,p20rAdG|p9rUdG,0.69255394,0.7103335957162757,0.29232554167527075,0.4115327550860097
2,TCAACATGAGCTGCTTGGCGAGG,CCAACATGAGCTGCTTGGCGAGG,CCAACATGAGCCGCTTGGCGAGG,p20rUdG,p20rUdG|p9rUdG,0.5994876,0.6278063564863559,0.22364372638135263,0.35623042689949747
3,GCAACATGAGCTGCTTGGCGAGG,CCAACATGAGCTGCTTGGCGAGG,CCAACATGAGCCGCTTGGCGAGG,p20rGdG,p20rGdG|p9rUdG,0.7188296,0.7494197408119914,0.32011193691436207,0.4271463900424119
4,CAAACATGAGCTGCTTGGCGAGG,CCAACATGAGCTGCTTGGCGAGG,CCAACATGAGCCGCTTGGCGAGG,p19rAdG,p19rAdG|p9rUdG,0.5817745,0.5851959251955884,0.18626517805648113,0.3182954119070912
5,CTAACATGAGCTGCTTGGCGAGG,CCAACATGAGCTGCTTGGCGAGG,CCAACATGAGCCGCTTGGCGAGG,p19rUdG,p19rUdG|p9rUdG,0.58553505,0.612982644328916,0.1963707468082929,0.32035286581935213
6,CGAACATGAGCTGCTTGGCGAGG,CCAACATGAGCTGCTTGGCGAGG,CCAACATGAGCCGCTTGGCGAGG,p19rGdG,p19rGdG|p9rUdG,0.6263851,0.5284593983303656,0.18110429764612257,0.34270238776774575
7,CCTACATGAGCTGCTTGGCGAGG,CCAACATGAGCTGCTTGGCGAGG,CCAACATGAGCCGCTTGGCGAGG,p18rUdT,p18rUdT|p9rUdG,0.5603497,0.4544868833357681,0.1094988251396683,0.2409284605443106
8,CCCACATGAGCTGCTTGGCGAGG,CCAACATGAGCTGCTTGGCGAGG,CCAACATGAGCCGCTTGGCGAGG,p18rCdT,p18rCdT|p9rUdG,0.5548561,0.49384700977737767,0.1178153207585528,0.23856643540610487
9,CCGACATGAGCTGCTTGGCGAGG,CCAACATGAGCTGCTTGGCGAGG,CCAACATGAGCCGCTTGGCGAGG,p18rGdT,p18rGdT|p9rUdG,0.56263334,0.4729103012344994,0.11440188860724636,0.24191033333088366
10,CCATCATGAGCTGCTTGGCGAGG,CCAACATGAGCTGCTTGGCGAGG,CCAACATGAGCCGCTTGGCGAGG,p17rUdT,p17rUdT|p9rUdG,0.52822995,0.2846177339846606,0.057271460400124714,0.20122238905609213
11,CCACCATGAGCTGCTTGGCGAGG,CCAACATGAGCTGCTTGGCGAGG,CCAACATGAGCCGCTTGGCGAGG,p17rCdT,p17rCdT|p9rUdG,0.65046924,0.6044165367690499,0.14976708686659299,0.24778787103870986
12,CCAGCATGAGCTGCTTGGCGAGG,CCAACATGAGCTGCTTGGCGAGG,CCAACATGAGCCGCTTGGCGAGG,p17rGdT,p17rGdT|p9rUdG,0.66077673,0.6735231282401976,0.1695354544596795,0.25171437676185976
13,CCAAAATGAGCTGCTTGGCGAGG,CCAACATGAGCTGCTTGGCGAGG,CCAACATGAGCCGCTTGGCGAGG,p16rAdG,p16rAdG|p9rUdG,0.37952965,0.24217610015805283,0.03151415996231472,0.13012910828833832
14,CCAATATGAGCTGCTTGGCGAGG,CCAACATGAGCTGCTTGGCGAGG,CCAACATGAGCCGCTTGGCGAGG,p16rUdG,p16rUdG|p9rUdG,0.5499878,0.4786276881658455,0.09025673251069996,0.18857398922442994
15,CCAAGATGAGCTGCTTGGCGAGG,CCAACATGAGCTGCTTGGCGAGG,CCAACATGAGCCGCTTGGCGAGG,p16rGdG,p16rGdG|p9rUdG,0.5599943,0.3926074033319682,0.07538254821136756,0.19200490762938577
16,CCAACTTGAGCTGCTTGGCGAGG,CCAACATGAGCTGCTTGGCGAGG,CCAACATGAGCCGCTTGGCGAGG,p15rUdT,p15rUdT|p9rUdG,0.55336064,0.5661914507714185,0.11122317534676808,0.1964409303517916
17,CCAACCTGAGCTGCTTGGCGAGG,CCAACATGAGCTGCTTGGCGAGG,CCAACATGAGCCGCTTGGCGAGG,p15rCdT,p15rCdT|p9rUdG,0.68550164,0.6843704420161713,0.16654187723284072,0.24335048244077356
18,CCAACGTGAGCTGCTTGGCGAGG,CCAACATGAGCTGCTTGGCGAGG,CCAACATGAGCCGCTTGGCGAGG,p15rGdT,p15rGdT|p9rUdG,0.5651189,0.617442758011534,0.12386832266644993,0.2006150708858683
19,CCAACAAGAGCTGCTTGGCGAGG,CCAACATGAGCTGCTTGGCGAGG,CCAACATGAGCCGCTTGGCGAGG,p14rAdA,p14rAdA|p9rUdG,0.57033086,0.3203933647725672,0.06848905017637645,0.2137655073630933
20,CCAACACGAGCTGCTTGGCGAGG,CCAACATGAGCTGCTTGGCGAGG,CCAACATGAGCCGCTTGGCGAGG,p14rCdA,p14rCdA|p9rUdG,0.6050934,0.39098185973565214,0.08867267249868442,0.22679485068344898
21,CCAACAGGAGCTGCTTGGCGAGG,CCAACATGAGCTGCTTGGCGAGG,CCAACATGAGCCGCTTGGCGAGG,p14rGdA,p14rGdA|p9rUdG,0.6936513,0.5399180194620957,0.14037177708013823,0.25998720550202503
22,CCAACATAAGCTGCTTGGCGAGG,CCAACATGAGCTGCTTGGCGAGG,CCAACATGAGCCGCTTGGCGAGG,p13rAdC,p13rAdC|p9rUdG,0.46428442,0.28479965981391087,0.04526718184561296,0.15894394633473474
23,CCAACATTAGCTGCTTGGCGAGG,CCAACATGAGCTGCTTGGCGAGG,CCAACATGAGCCGCTTGGCGAGG,p13rUdC,p13rUdC|p9rUdG,0.43596262,0.23236277652529197,0.03467972858997456,0.14924821052910675
24,CCAACATCAGCTGCTTGGCGAGG,CCAACATGAGCTGCTTGGCGAGG,CCAACATGAGCCGCTTGGCGAGG,p13rCdC,p13rCdC|p9rUdG,0.4987715,0.30765014011649033,0.052531356851065865,0.17075031017757739
25,CCAACATGTGCTGCTTGGCGAGG,CCAACATGAGCTGCTTGGCGAGG,CCAACATGAGCCGCTTGGCGAGG,p12rUdT,p12rUdT|p9rUdG,0.47825626,0.49447704680259486,0.08089104168068131,0.16358907294836406
26,CCAACATGCGCTGCTTGGCGAGG,CCAACATGAGCTGCTTGGCGAGG,CCAACATGAGCCGCTTGGCGAGG,p12rCdT,p12rCdT|p9rUdG,0.45886284,0.35865712916570774,0.05629320686063331,0.15695549393254796
27,CCAACATGGGCTGCTTGGCGAGG,CCAACATGAGCTGCTTGGCGAGG,CCAACATGAGCCGCTTGGCGAGG,p12rGdT,p12rGdT|p9rUdG,0.6844789,0.66677422980943,0.15611063496744088,0.23412817710735262
28,CCAACATGAACTGCTTGGCGAGG,CCAACATGAGCTGCTTGGCGAGG,CCAACATGAGCCGCTTGGCGAGG,p11rAdC,p11rAdC|p9rUdG,0.56622434,0.36310658236820487,0.06568418036325922,0.1808950417116173
29,CCAACATGATCTGCTTGGCGAGG,CCAACATGAGCTGCTTGGCGAGG,CCAACATGAGCCGCTTGGCGAGG,p11rUdC,p11rUdC|p9rUdG,0.5154718,0.26986707882223027,0.044441935457791494,0.16468083343751153
30,CCAACATGACCTGCTTGGCGAGG,CCAACATGAGCTGCTTGGCGAGG,CCAACATGAGCCGCTTGGCGAGG,p11rCdC,p11rCdC|p9rUdG,0.57089525,0.17656110606101255,0.03220250121952495,0.1823872875399695
31,CCAACATGAGATGCTTGGCGAGG,CCAACATGAGCTGCTTGGCGAGG,CCAACATGAGCCGCTTGGCGAGG,p10rAdG,p10rAdG|p9rUdG,0.6793744,0.42132543883184,0.06679130692523004,0.1585266418054759
32,CCAACATGAGTTGCTTGGCGAGG,CCAACATGAGCTGCTTGGCGAGG,CCAACATGAGCCGCTTGGCGAGG,p10rUdG,p10rUdG|p9rUdG,0.48359442,0.4182970635141137,0.04720186718801051,0.11284293222493033
33,CCAACATGAGGTGCTTGGCGAGG,CCAACATGAGCTGCTTGGCGAGG,CCAACATGAGCCGCTTGGCGAGG,p10rGdG,p10rGdG|p9rUdG,0.7478627,0.5606218956585772,0.09783291878638031,0.17450784484871648
34,CCAACATGAGCTACTTGGCGAGG,CCAACATGAGCTGCTTGGCGAGG,CCAACATGAGCCGCTTGGCGAGG,p8rAdC,p9rUdG|p8rAdC,0.61086667,0.4434498736726503,0.04935192158658776,0.1112908685210694
35,CCAACATGAGCTTCTTGGCGAGG,CCAACATGAGCTGCTTGGCGAGG,CCAACATGAGCCGCTTGGCGAGG,p8rUdC,p9rUdG|p8rUdC,0.4847666,0.14874171936860767,0.013136467450598103,0.08831730267984646
36,CCAACATGAGCTCCTTGGCGAGG,CCAACATGAGCTGCTTGGCGAGG,CCAACATGAGCCGCTTGGCGAGG,p8rCdC,p9rUdG|p8rCdC,0.716891,0.09749982357901506,0.012734152813396972,0.13060693184821054
37,CCAACATGAGCTGATTGGCGAGG,CCAACATGAGCTGCTTGGCGAGG,CCAACATGAGCCGCTTGGCGAGG,p7rAdG,p9rUdG|p7rAdG,0.6441154,0.15131052332293363,0.011722871342561968,0.07747558520792698
38,CCAACATGAGCTGTTTGGCGAGG,CCAACATGAGCTGCTTGGCGAGG,CCAACATGAGCCGCTTGGCGAGG,p7rUdG,p9rUdG|p7rUdG,0.60982955,0.2693678280799152,0.019758563919187826,0.0733516101756811
39,CCAACATGAGCTGGTTGGCGAGG,CCAACATGAGCTGCTTGGCGAGG,CCAACATGAGCCGCTTGGCGAGG,p7rGdG,p9rUdG|p7rGdG,0.6510772,0.21684637845234703,0.016981883540658306,0.07831296820292598
40,CCAACATGAGCTGCATGGCGAGG,CCAACATGAGCTGCTTGGCGAGG,CCAACATGAGCCGCTTGGCGAGG,p6rAdA,p9rUdG|p6rAdA,0.64183533,0.10512794151688472,0.006564303874516559,0.06244109586662323
41,CCAACATGAGCTGCCTGGCGAGG,CCAACATGAGCTGCTTGGCGAGG,CCAACATGAGCCGCTTGGCGAGG,p6rCdA,p9rUdG|p6rCdA,0.74184704,0.19249656126079426,0.013892622624410045,0.07217075740687298
42,CCAACATGAGCTGCGTGGCGAGG,CCAACATGAGCTGCTTGGCGAGG,CCAACATGAGCCGCTTGGCGAGG,p6rGdA,p9rUdG|p6rGdA,0.56620747,0.1259985470461592,0.006940456340407456,0.05508362201879074
43,CCAACATGAGCTGCTAGGCGAGG,CCAACATGAGCTGCTTGGCGAGG,CCAACATGAGCCGCTTGGCGAGG,p5rAdA,p9rUdG|p5rAdA,0.7645624,0.11976156748351884,0.01695343402832289,0.1415598875712441
44,CCAACATGAGCTGCTCGGCGAGG,CCAACATGAGCTGCTTGGCGAGG,CCAACATGAGCCGCTTGGCGAGG,p5rCdA,p9rUdG|p5rCdA,0.6479956,0.2792810705436779,0.03350740604057712,0.11997736178591725
45,CCAACATGAGCTGCTGGGCGAGG,CCAACATGAGCTGCTTGGCGAGG,CCAACATGAGCCGCTTGGCGAGG,p5rGdA,p9rUdG|p5rGdA,0.6937977,0.060892148905009956,0.007822064956133095,0.12845769276980676
46,CCAACATGAGCTGCTTAGCGAGG,CCAACATGAGCTGCTTGGCGAGG,CCAACATGAGCCGCTTGGCGAGG,p4rAdC,p9rUdG|p4rAdC,0.5241356,0.17499413323782273,0.01741764782058488,0.09953275288899958
47,CCAACATGAGCTGCTTTGCGAGG,CCAACATGAGCTGCTTGGCGAGG,CCAACATGAGCCGCTTGGCGAGG,p4rUdC,p9rUdG|p4rUdC,0.3607885,0.1124841653611851,0.007706664191381091,0.06851332511234001
48,CCAACATGAGCTGCTTCGCGAGG,CCAACATGAGCTGCTTGGCGAGG,CCAACATGAGCCGCTTGGCGAGG,p4rCdC,p9rUdG|p4rCdC,0.4214973,0.057721906273745224,0.004620168483634873,0.0800418555430896
49,CCAACATGAGCTGCTTGACGAGG,CCAACATGAGCTGCTTGGCGAGG,CCAACATGAGCCGCTTGGCGAGG,p3rAdC,p9rUdG|p3rAdC,0.5102842,0.24810182049916607,0.02398810887691843,0.09668654921054504
50,CCAACATGAGCTGCTTGTCGAGG,CCAACATGAGCTGCTTGGCGAGG,CCAACATGAGCCGCTTGGCGAGG,p3rUdC,p9rUdG|p3rUdC,0.43476173,0.13184611513660544,0.010861069684671733,0.08237686543451513
51,CCAACATGAGCTGCTTGCCGAGG,CCAACATGAGCTGCTTGGCGAGG,CCAACATGAGCCGCTTGGCGAGG,p3rCdC,p9rUdG|p3rCdC,0.5300161,0.050339574448087114,0.00505536564991253,0.1004252758458635
52,CCAACATGAGCTGCTTGGAGAGG,CCAACATGAGCTGCTTGGCGAGG,CCAACATGAGCCGCTTGGCGAGG,p2rAdG,p9rUdG|p2rAdG,0.4881346,0.17491058286114716,0.016285317702844065,0.09310653155716811
53,CCAACATGAGCTGCTTGGTGAGG,CCAACATGAGCTGCTTGGCGAGG,CCAACATGAGCCGCTTGGCGAGG,p2rUdG,p9rUdG|p2rUdG,0.5249429,0.2297145646375263,0.02300070455737,0.10012732363602422
54,CCAACATGAGCTGCTTGGGGAGG,CCAACATGAGCTGCTTGGCGAGG,CCAACATGAGCCGCTTGGCGAGG,p2rGdG,p9rUdG|p2rGdG,0.7372677,0.5233077411637069,0.07359069651534894,0.14062604224371197
55,CCAACATGAGCTGCTTGGCAAGG,CCAACATGAGCTGCTTGGCGAGG,CCAACATGAGCCGCTTGGCGAGG,p1rAdC,p9rUdG|p1rAdC,0.51168454,0.29518354329270846,0.03190372901144686,0.10808098803736713
56,CCAACATGAGCTGCTTGGCTAGG,CCAACATGAGCTGCTTGGCGAGG,CCAACATGAGCCGCTTGGCGAGG,p1rUdC,p9rUdG|p1rUdC,0.5111501,0.19894486074426104,0.021479699760623812,0.10796810573677228
57,CCAACATGAGCTGCTTGGCCAGG,CCAACATGAGCTGCTTGGCGAGG,CCAACATGAGCCGCTTGGCGAGG,p1rCdC,p9rUdG|p1rCdC,0.5061677,0.16977067796742343,0.0181511494627027,0.10691569168490714
0,CCTCGCCAAGCAGCTCATGTTGG,CCTCGCCAAGCAGCTCATGTTGG,CCTCGCCAAGCGGCTCATGTTGG,,p9rAdC,0.4681075,1.0,0.23660099548065935,0.23660099548065935
1,ACTCGCCAAGCAGCTCATGTTGG,CCTCGCCAAGCAGCTCATGTTGG,CCTCGCCAAGCGGCTCATGTTGG,p20rAdG,p20rAdG|p9rAdC,0.59955484,0.6149469665784885,0.11755160736225881,0.19115730908684003
2,TCTCGCCAAGCAGCTCATGTTGG,CCTCGCCAAGCAGCTCATGTTGG,CCTCGCCAAGCGGCTCATGTTGG,p20rUdG,p20rUdG|p9rAdC,0.49871364,0.5222720091684464,0.08304433213567028,0.15900590243749077
3,GCTCGCCAAGCAGCTCATGTTGG,CCTCGCCAAGCAGCTCATGTTGG,CCTCGCCAAGCGGCTCATGTTGG,p20rGdG,p20rGdG|p9rAdC,0.6295268,0.6563166361073196,0.13173149770885806,0.2007133302153834
4,CATCGCCAAGCAGCTCATGTTGG,CCTCGCCAAGCAGCTCATGTTGG,CCTCGCCAAGCGGCTCATGTTGG,p19rAdG,p19rAdG|p9rAdC,0.4740817,0.4768697991322257,0.06636512476602703,0.13916822765206277
5,CTTCGCCAAGCAGCTCATGTTGG,CCTCGCCAAGCAGCTCATGTTGG,CCTCGCCAAGCGGCTCATGTTGG,p19rUdG,p19rUdG|p9rAdC,0.45028418,0.47139174584863597,0.062309687772017876,0.13218239038072918
6,CGTCGCCAAGCAGCTCATGTTGG,CCTCGCCAAGCAGCTCATGTTGG,CCTCGCCAAGCGGCTCATGTTGG,p19rGdG,p19rGdG|p9rAdC,0.49935773,0.4212908140493112,0.061756215840371366,0.14658809017645216
7,CCACGCCAAGCAGCTCATGTTGG,CCTCGCCAAGCAGCTCATGTTGG,CCTCGCCAAGCGGCTCATGTTGG,p18rAdA,p18rAdA|p9rAdC,0.50631565,0.47488200531989155,0.05546860140106111,0.11680501846705303
8,CCCCGCCAAGCAGCTCATGTTGG,CCTCGCCAAGCAGCTCATGTTGG,CCTCGCCAAGCGGCTCATGTTGG,p18rCdA,p18rCdA|p9rAdC,0.46552956,0.45189204616893885,0.04853132106162362,0.10739582932043971
9,CCGCGCCAAGCAGCTCATGTTGG,CCTCGCCAAGCAGCTCATGTTGG,CCTCGCCAAGCGGCTCATGTTGG,p18rGdA,p18rGdA|p9rAdC,0.44069573,0.31351447430376006,0.031874001859442495,0.10166676332959414
10,CCTAGCCAAGCAGCTCATGTTGG,CCTCGCCAAGCAGCTCATGTTGG,CCTCGCCAAGCGGCTCATGTTGG,p17rAdG,p17rAdG|p9rAdC,0.44046333,0.2538730191250293,0.02285550282511306,0.09002730145914802
11,CCTTGCCAAGCAGCTCATGTTGG,CCTCGCCAAGCAGCTCATGTTGG,CCTCGCCAAGCGGCTCATGTTGG,p17rUdG,p17rUdG|p9rAdC,0.3504388,0.2345295401028468,0.016798643403331173,0.07162698309118999
12,CCTGGCCAAGCAGCTCATGTTGG,CCTCGCCAAGCAGCTCATGTTGG,CCTCGCCAAGCGGCTCATGTTGG,p17rGdG,p17rGdG|p9rAdC,0.5732809,0.3378258948092806,0.03958447202859511,0.11717417947177346
13,CCTCACCAAGCAGCTCATGTTGG,CCTCGCCAAGCAGCTCATGTTGG,CCTCGCCAAGCGGCTCATGTTGG,p16rAdC,p16rAdC|p9rAdC,0.5012997,0.40483259728782317,0.037334714295713514,0.09222259903436016
14,CCTCTCCAAGCAGCTCATGTTGG,CCTCGCCAAGCAGCTCATGTTGG,CCTCGCCAAGCGGCTCATGTTGG,p16rUdC,p16rUdC|p9rAdC,0.5207657,0.4109588689276685,0.039371383690294845,0.09580370851474306
15,CCTCCCCAAGCAGCTCATGTTGG,CCTCGCCAAGCAGCTCATGTTGG,CCTCGCCAAGCGGCTCATGTTGG,p16rCdC,p16rCdC|p9rAdC,0.66228867,0.4770674619565571,0.05812554663651617,0.12183926021307491
16,CCTCGACAAGCAGCTCATGTTGG,CCTCGCCAAGCAGCTCATGTTGG,CCTCGCCAAGCGGCTCATGTTGG,p15rAdG,p15rAdG|p9rAdC,0.5129716,0.37183636485221094,0.0363312277594914,0.09770757030160702
17,CCTCGTCAAGCAGCTCATGTTGG,CCTCGCCAAGCAGCTCATGTTGG,CCTCGCCAAGCGGCTCATGTTGG,p15rUdG,p15rUdG|p9rAdC,0.44770354,0.4526096830246641,0.03859662040538059,0.08527572841007323
18,CCTCGGCAAGCAGCTCATGTTGG,CCTCGCCAAGCAGCTCATGTTGG,CCTCGCCAAGCGGCTCATGTTGG,p15rGdG,p15rGdG|p9rAdC,0.59405553,0.4960785578632654,0.05613224478221095,0.1131519270334654
19,CCTCGCAAAGCAGCTCATGTTGG,CCTCGCCAAGCAGCTCATGTTGG,CCTCGCCAAGCGGCTCATGTTGG,p14rAdG,p14rAdG|p9rAdC,0.386381,0.14538324408449038,0.011296712348032843,0.07770298715763756
20,CCTCGCTAAGCAGCTCATGTTGG,CCTCGCCAAGCAGCTCATGTTGG,CCTCGCCAAGCGGCTCATGTTGG,p14rUdG,p14rUdG|p9rAdC,0.43815532,0.4045123630036648,0.03564362321607988,0.08811504041906615
21,CCTCGCGAAGCAGCTCATGTTGG,CCTCGCCAAGCAGCTCATGTTGG,CCTCGCCAAGCGGCTCATGTTGG,p14rGdG,p14rGdG|p9rAdC,0.50257427,0.31758126680612714,0.032097933672382374,0.10106998437025916
22,CCTCGCCTAGCAGCTCATGTTGG,CCTCGCCAAGCAGCTCATGTTGG,CCTCGCCAAGCGGCTCATGTTGG,p13rUdT,p13rUdT|p9rAdC,0.51691484,0.5316269896204724,0.050477414192628446,0.09494893069417748
23,CCTCGCCCAGCAGCTCATGTTGG,CCTCGCCAAGCAGCTCATGTTGG,CCTCGCCAAGCGGCTCATGTTGG,p13rCdT,p13rCdT|p9rAdC,0.56547713,0.4577940016234884,0.04755062384703213,0.10386904083146994
24,CCTCGCCGAGCAGCTCATGTTGG,CCTCGCCAAGCAGCTCATGTTGG,CCTCGCCAAGCGGCTCATGTTGG,p13rGdT,p13rGdT|p9rAdC,0.57218987,0.544429160843051,0.05722062745557223,0.1051020620698675
25,CCTCGCCATGCAGCTCATGTTGG,CCTCGCCAAGCAGCTCATGTTGG,CCTCGCCAAGCGGCTCATGTTGG,p12rUdT,p12rUdT|p9rAdC,0.42252094,0.436851378444005,0.033875582193954173,0.07754486735194381
26,CCTCGCCACGCAGCTCATGTTGG,CCTCGCCAAGCAGCTCATGTTGG,CCTCGCCAAGCGGCTCATGTTGG,p12rCdT,p12rCdT|p9rAdC,0.45610094,0.3564983680095007,0.029841684790288592,0.08370777391467135
27,CCTCGCCAGGCAGCTCATGTTGG,CCTCGCCAAGCAGCTCATGTTGG,CCTCGCCAAGCGGCTCATGTTGG,p12rGdT,p12rGdT|p9rAdC,0.60319763,0.5875953960512682,0.06504933161945652,0.11070429083787597
28,CCTCGCCAAACAGCTCATGTTGG,CCTCGCCAAGCAGCTCATGTTGG,CCTCGCCAAGCGGCTCATGTTGG,p11rAdC,p11rAdC|p9rAdC,0.46455625,0.2979091859071059,0.02372310457154569,0.0796320009378396
29,CCTCGCCAATCAGCTCATGTTGG,CCTCGCCAAGCAGCTCATGTTGG,CCTCGCCAAGCGGCTCATGTTGG,p11rUdC,p11rUdC|p9rAdC,0.4142147,0.21685552485150095,0.015397326643292585,0.07100269478417218
30,CCTCGCCAACCAGCTCATGTTGG,CCTCGCCAAGCAGCTCATGTTGG,CCTCGCCAAGCGGCTCATGTTGG,p11rCdC,p11rCdC|p9rAdC,0.4692959,0.1451394114540639,0.011675659784203478,0.08044444763301788
31,CCTCGCCAAGAAGCTCATGTTGG,CCTCGCCAAGCAGCTCATGTTGG,CCTCGCCAAGCGGCTCATGTTGG,p10rAdG,p10rAdG|p9rAdC,0.5444504,0.3376500582512934,0.023015977716460988,0.0681651821286864
32,CCTCGCCAAGTAGCTCATGTTGG,CCTCGCCAAGCAGCTCATGTTGG,CCTCGCCAAGCGGCTCATGTTGG,p10rUdG,p10rUdG|p9rAdC,0.47652525,0.4121824080430643,0.02459119557441215,0.05966095372959948
33,CCTCGCCAAGGAGCTCATGTTGG,CCTCGCCAAGCAGCTCATGTTGG,CCTCGCCAAGCGGCTCATGTTGG,p10rGdG,p10rGdG|p9rAdC,0.6811261,0.5105940127817116,0.043541915229997924,0.0852769796355072
34,CCTCGCCAAGCAACTCATGTTGG,CCTCGCCAAGCAGCTCATGTTGG,CCTCGCCAAGCGGCTCATGTTGG,p8rAdC,p9rAdC|p8rAdC,0.38030457,0.2760766385804489,0.01026326412638955,0.037175416866714814
35,CCTCGCCAAGCATCTCATGTTGG,CCTCGCCAAGCAGCTCATGTTGG,CCTCGCCAAGCGGCTCATGTTGG,p8rUdC,p9rAdC|p8rUdC,0.404772,0.12419685043637439,0.004914115466816536,0.039567150451484435
36,CCTCGCCAAGCACCTCATGTTGG,CCTCGCCAAGCAGCTCATGTTGG,CCTCGCCAAGCGGCTCATGTTGG,p8rCdC,p9rAdC|p8rCdC,0.6082988,0.08273088148263141,0.004919363260767059,0.059462236744084906
37,CCTCGCCAAGCAGATCATGTTGG,CCTCGCCAAGCAGCTCATGTTGG,CCTCGCCAAGCGGCTCATGTTGG,p7rAdG,p9rAdC|p7rAdG,0.5460678,0.12827794862125438,0.004520754642689671,0.03524186885804803
38,CCTCGCCAAGCAGTTCATGTTGG,CCTCGCCAAGCAGCTCATGTTGG,CCTCGCCAAGCGGCTCATGTTGG,p7rUdG,p9rAdC|p7rUdG,0.5095288,0.2250639897038359,0.007400944480862102,0.03288373449080452
39,CCTCGCCAAGCAGGTCATGTTGG,CCTCGCCAAGCAGCTCATGTTGG,CCTCGCCAAGCGGCTCATGTTGG,p7rGdG,p9rAdC|p7rGdG,0.5536185,0.18438698627638878,0.006587994622434748,0.035729173492534905
40,CCTCGCCAAGCAGCACATGTTGG,CCTCGCCAAGCAGCTCATGTTGG,CCTCGCCAAGCGGCTCATGTTGG,p6rAdA,p9rAdC|p6rAdA,0.49466798,0.08102300322261231,0.0020920893179527202,0.025820930288212883
41,CCTCGCCAAGCAGCCCATGTTGG,CCTCGCCAAGCAGCTCATGTTGG,CCTCGCCAAGCGGCTCATGTTGG,p6rCdA,p9rAdC|p6rCdA,0.6306888,0.16365290466286694,0.005387619496290549,0.032921013576809474
42,CCTCGCCAAGCAGCGCATGTTGG,CCTCGCCAAGCAGCTCATGTTGG,CCTCGCCAAGCGGCTCATGTTGG,p6rGdA,p9rAdC|p6rGdA,0.3367485,0.07493688341330026,0.0013172232843563737,0.017577769775818895
43,CCTCGCCAAGCAGCTAATGTTGG,CCTCGCCAAGCAGCTCATGTTGG,CCTCGCCAAGCGGCTCATGTTGG,p5rAdG,p9rAdC|p5rAdG,0.53892606,0.04898283307274318,0.0026224760959717495,0.053538677358191504
44,CCTCGCCAAGCAGCTTATGTTGG,CCTCGCCAAGCAGCTCATGTTGG,CCTCGCCAAGCGGCTCATGTTGG,p5rUdG,p9rAdC|p5rUdG,0.40512154,0.21465942138505437,0.008639204082251063,0.04024609787219228
45,CCTCGCCAAGCAGCTGATGTTGG,CCTCGCCAAGCAGCTCATGTTGG,CCTCGCCAAGCGGCTCATGTTGG,p5rGdG,p9rAdC|p5rGdG,0.48135483,0.05208247913801094,0.002490550970925478,0.04781936290563056
46,CCTCGCCAAGCAGCTCTTGTTGG,CCTCGCCAAGCAGCTCATGTTGG,CCTCGCCAAGCGGCTCATGTTGG,p4rUdT,p9rAdC|p4rUdT,0.3191873,0.11303221290635344,0.003676050000746714,0.03252214484902902
47,CCTCGCCAAGCAGCTCCTGTTGG,CCTCGCCAAGCAGCTCATGTTGG,CCTCGCCAAGCGGCTCATGTTGG,p4rCdT,p9rAdC|p4rCdT,0.48651558,0.20787453393627003,0.010304610982889296,0.049571300475162935
48,CCTCGCCAAGCAGCTCGTGTTGG,CCTCGCCAAGCAGCTCATGTTGG,CCTCGCCAAGCGGCTCATGTTGG,p4rGdT,p9rAdC|p4rGdT,0.47242576,0.40342693533421253,0.019419230602546796,0.04813568183408291
49,CCTCGCCAAGCAGCTCAAGTTGG,CCTCGCCAAGCAGCTCATGTTGG,CCTCGCCAAGCGGCTCATGTTGG,p3rAdA,p9rAdC|p3rAdA,0.42558947,0.16311198801790563,0.007057353976641374,0.04326692392386666
50,CCTCGCCAAGCAGCTCACGTTGG,CCTCGCCAAGCAGCTCATGTTGG,CCTCGCCAAGCGGCTCATGTTGG,p3rCdA,p9rAdC|p3rCdA,0.53582996,0.2725742316928584,0.014848306861576682,0.05447436013800463
51,CCTCGCCAAGCAGCTCAGGTTGG,CCTCGCCAAGCAGCTCATGTTGG,CCTCGCCAAGCGGCTCATGTTGG,p3rGdA,p9rAdC|p3rGdA,0.6365819,0.31150275226188034,0.020159572421650746,0.06471715667122772
52,CCTCGCCAAGCAGCTCATATTGG,CCTCGCCAAGCAGCTCATGTTGG,CCTCGCCAAGCGGCTCATGTTGG,p2rAdC,p9rAdC|p2rAdC,0.31699073,0.1223263552023518,0.003968426646333663,0.03244130538974293
53,CCTCGCCAAGCAGCTCATTTTGG,CCTCGCCAAGCAGCTCATGTTGG,CCTCGCCAAGCGGCTCATGTTGG,p2rUdC,p9rAdC|p2rUdC,0.23091254,0.05731469030895052,0.0013544569834530432,0.02363193408447197
54,CCTCGCCAAGCAGCTCATCTTGG,CCTCGCCAAGCAGCTCATGTTGG,CCTCGCCAAGCGGCTCATGTTGG,p2rCdC,p9rAdC|p2rCdC,0.42430016,0.07203465026775144,0.0031279975666843856,0.0434235129213188
55,CCTCGCCAAGCAGCTCATGATGG,CCTCGCCAAGCAGCTCATGTTGG,CCTCGCCAAGCGGCTCATGTTGG,p1rAdA,p9rAdC|p1rAdA,0.45726025,0.25980980067422327,0.013464095582351968,0.05182289331430826
56,CCTCGCCAAGCAGCTCATGCTGG,CCTCGCCAAGCAGCTCATGTTGG,CCTCGCCAAGCGGCTCATGTTGG,p1rCdA,p9rAdC|p1rCdA,0.4245107,0.1829654961627289,0.008802702656834558,0.04811127147713941
57,CCTCGCCAAGCAGCTCATGGTGG,CCTCGCCAAGCAGCTCATGTTGG,CCTCGCCAAGCGGCTCATGTTGG,p1rGdA,p9rAdC|p1rGdA,0.5737285,0.42973446904892126,0.027942471791083563,0.06502264492053714
